Tactics,ttppercent
Reconnaissance,13.85
Resource Development,13.85
Initial Access,41.28
Execution,31.18
Persistence,42.21
Privilege Escalation,44.69
Defense Evasion,27.82
Credenntial Access,13.85
Discovery,20.99
Lateral Movement,26.55
Collection,41.83
Command and Control,18.88
Exfiltration,41.46
Impact,13.85
